{"type":"Topology","arcs":[[[20485,7594],[54,48],[45,37],[40,41],[40,32],[31,39],[41,39],[44,45],[50,55],[35,41],[36,37],[49,52],[41,48],[31,44],[40,59],[31,37],[36,50],[36,48],[31,48],[32,50],[17,23],[14,32],[36,55],[18,41],[22,44],[21,42]],[[2182,12955],[53,-42],[70,-45],[72,-48],[55,-38],[38,-24],[66,-41],[83,-47],[49,-39],[68,-44],[41,-36],[49,-38],[40,-35],[44,-40],[37,-38],[37,-38],[39,-42],[54,-64],[47,-63],[28,-45],[18,-39],[31,-43],[31,-57],[19,-43],[12,-38],[9,-19],[7,-8]],[[4206,8945],[-3,-48],[4,-41],[3,-37],[-5,-50],[0,-57],[-13,-46],[-5,-41],[-13,-53],[-13,-50],[-27,-66],[-27,-67],[-31,-52],[-23,-44],[-36,-43],[-26,-39],[-27,-21],[-32,-38],[-26,-28],[-32,-27],[-35,-28],[-32,-32],[-44,-36],[-27,-25],[-23,-16],[-18,-16]],[[28348,20316],[559,1119]],[[14552,3798],[24,14],[35,26],[50,32],[56,35],[63,36],[49,30],[67,39],[63,40],[56,35],[78,47],[78,43],[62,37],[69,42],[56,40],[52,31],[71,38],[82,46],[79,49],[46,35],[53,33],[52,31],[48,23],[62,33],[32,20]],[[25707,17641],[1462,882]],[[21517,11749],[-5,18],[5,32],[-10,33],[4,42],[-5,45],[0,35],[9,67],[1,57],[0,62],[-12,61],[12,59],[2,43],[-3,53],[-5,72],[-1,52],[-5,50],[18,97],[3,59],[-4,96]],[[22337,14794],[31,35],[27,29],[31,30],[32,34],[35,37],[45,48],[40,36],[45,42],[36,38],[36,30],[35,34],[53,50],[52,40],[39,39],[31,27],[29,33],[31,24],[61,57],[58,55],[49,41],[40,41],[49,41],[58,48],[45,51],[54,43],[40,39]],[[7122,0],[125,14],[130,16],[127,16],[141,18],[94,11],[107,14],[148,14],[125,16],[125,20],[125,19],[135,20],[106,21],[81,16],[90,18],[98,23],[81,21],[91,22],[97,24],[64,18]],[[67,3712],[-13,-39],[-9,-32],[-23,-52],[-4,-60],[0,-41],[-5,-52],[-13,-64],[4,-41],[-4,-42],[9,-54],[0,-60],[17,-60],[13,-77],[8,-26],[7,-49],[13,-51],[18,-41],[18,-42],[18,-61],[15,-36],[17,-31],[19,-25],[29,-40]]],"transform":{"scale":[0.0005046625289418167,0.000987344937138772],"translate":[108.2004623413086,3.408477306365967]},"objects":{"nine":{"type":"GeometryCollection","geometries":[{"type":"LineString","arcs":[0],"properties":{"FNODE_":1586,"TNODE_":1587,"LPOLY_":1,"RPOLY_":1,"LENGTH":1.165,"BOU2_4M_":1509,"BOU2_4M_ID":1001,"GBCODE":61010}},{"type":"LineString","arcs":[1],"properties":{"FNODE_":1525,"TNODE_":1526,"LPOLY_":1,"RPOLY_":1,"LENGTH":1.195,"BOU2_4M_":1476,"BOU2_4M_ID":1001,"GBCODE":61010}},{"type":"LineString","arcs":[2],"properties":{"FNODE_":1548,"TNODE_":1549,"LPOLY_":1,"RPOLY_":1,"LENGTH":1.043,"BOU2_4M_":1489,"BOU2_4M_ID":1001,"GBCODE":61010}},{"type":"LineString","arcs":[3],"properties":{"FNODE_":1081,"TNODE_":1082,"LPOLY_":1,"RPOLY_":1,"LENGTH":1.14,"BOU2_4M_":1088,"BOU2_4M_ID":1001,"GBCODE":61010}},{"type":"LineString","arcs":[4],"properties":{"FNODE_":2068,"TNODE_":2069,"LPOLY_":1,"RPOLY_":1,"LENGTH":1.081,"BOU2_4M_":1765,"BOU2_4M_ID":1001,"GBCODE":61010}},{"type":"LineString","arcs":[5],"properties":{"FNODE_":1305,"TNODE_":1306,"LPOLY_":1,"RPOLY_":1,"LENGTH":1.141,"BOU2_4M_":1337,"BOU2_4M_ID":1001,"GBCODE":61010}},{"type":"LineString","arcs":[6],"properties":{"FNODE_":1536,"TNODE_":1537,"LPOLY_":1,"RPOLY_":1,"LENGTH":1.022,"BOU2_4M_":1482,"BOU2_4M_ID":1001,"GBCODE":61010}},{"type":"LineString","arcs":[7],"properties":{"FNODE_":1358,"TNODE_":1359,"LPOLY_":1,"RPOLY_":1,"LENGTH":1.148,"BOU2_4M_":1378,"BOU2_4M_ID":1001,"GBCODE":61010}},{"type":"LineString","arcs":[8],"properties":{"FNODE_":2105,"TNODE_":2106,"LPOLY_":1,"RPOLY_":1,"LENGTH":1.112,"BOU2_4M_":1785,"BOU2_4M_ID":1001,"GBCODE":61010}},{"type":"LineString","arcs":[9],"properties":{"FNODE_":2075,"TNODE_":2076,"LPOLY_":1,"RPOLY_":1,"LENGTH":1.077,"BOU2_4M_":1770,"BOU2_4M_ID":1001,"GBCODE":61010}}]}},"crs":{"type":"name","properties":{"name":"urn:ogc:def:crs:OGC:1.3:CRS84"}}}